"model","Accuracy","Precision","Recall","FOne","AUC"
"LinSVM",0.894807821982468,0.996694214876033,0.796565389696169,0.885462555066079,0.969474982805114
