"model","Accuracy","Precision","Recall","FOne","AUC"
"LinSVM",0.966307277628032,0.98005698005698,0.950276243093923,0.964936886395512,0.992752253562082
