"model","Accuracy","Precision","Recall","FOne","AUC"
"SVMWithFeatureEngineering",0.759784075573549,0.770573566084788,0.782278481012658,0.776381909547739,0.8133972342138
