"model","Accuracy","Precision","Recall","FOne","AUC"
"SVMWithFeatureEngineeringPCA",0.744939271255061,0.775401069518717,0.734177215189873,0.754226267880364,0.829706592522134
