model,Accuracy,Precision,Recall,FOne,AUC,TP,FP,FN,TN
SVMNoFeatureEngineering,0.865812542144302,1,0.737120211360634,0.848669201520913,0.98747593625701,558,0,199,726
SVMNoFeatureEngineeringPCA,0.847606203641268,1,0.701453104359313,0.824534161490683,0.965803101266053,531,0,226,726
SVMWithFeatureEngineering,0.740391099123399,0.764204545454546,0.710700132100396,0.736481861738535,0.821073106470008,538,166,219,560
SVMWithFeatureEngineeringPCA,0.730950775455158,0.803389830508475,0.626155878467635,0.703786191536748,0.836235539009647,474,116,283,610
