model,Accuracy,Precision,Recall,FOne,AUC,TP,FP,FN,TN
LogReg,0.96900269541779,0.972144846796657,0.964088397790055,0.968099861303745,0.993501017737714,349,10,13,370
