"model","Accuracy","Precision","Recall","FOne","AUC"
"LogReg",0.895482130815914,0.996699669966997,0.797886393659181,0.886280264123258,0.959492850930343
