"model","Accuracy","Precision","Recall","FOne","AUC"
"XGBoost",0.96900269541779,0.964383561643836,0.972375690607735,0.968363136176066,0.99427886013376
