model,Accuracy,Precision,Recall,FOne,AUC,TP,FP,FN,TN
XGBoost,0.96900269541779,0.964383561643836,0.972375690607735,0.968363136176066,0.99427886013376,352,13,10,367
