model,Accuracy,Precision,Recall,FOne,AUC,TP,FP,FN,TN
XGBoost,0.916385704652731,0.922563417890521,0.912813738441215,0.917662682602922,0.970971574760454,691,58,66,668
