"model","Accuracy","Precision","Recall","FOne","AUC"
"RandomForest",0.886716115981119,0.996627318718381,0.780713342140026,0.875555555555556,0.959162599939591
