model,Accuracy,Precision,Recall,FOne,AUC,TP,FP,FN,TN
RandomForest,0.966307277628032,0.956639566395664,0.975138121546961,0.965800273597811,0.99508941552777,353,16,9,364
