"model","Accuracy","Precision","Recall","FOne","AUC"
"RandomForestWithFeatureEngineeringPCA",0.56140350877193,0.690217391304348,0.321518987341772,0.438687392055268,0.68950391453867
