"model","Accuracy","Precision","Recall","FOne","AUC"
"RandomForestWithFeatureEngineering",0.800269905533063,0.778781038374718,0.873417721518987,0.823389021479714,0.905118167849565
