"model","Accuracy","Precision","Recall","FOne","AUC"
"RandomForestNoFeatureEngineeringPCA",0.750337381916329,0.990654205607477,0.536708860759494,0.696223316912972,0.935834491841662
