model,Accuracy,Precision,Recall,FOne,AUC,TP,FP,FN,TN
RandomForestNoFeatureEngineering,0.73229939312205,0.994505494505494,0.478203434610304,0.645851917930419,0.972153382024884,362,2,395,724
RandomForestNoFeatureEngineeringPCA,0.759946055293324,0.983132530120482,0.538969616908851,0.696245733788396,0.943020331815816,408,7,349,719
RandomForestWithFeatureEngineering,0.808496291301416,0.782556750298686,0.865257595772787,0.821831869510665,0.909645876320549,655,182,102,544
RandomForestWithFeatureEngineeringPCA,0.571813890761969,0.690625,0.291941875825627,0.410399257195915,0.714461172309137,221,99,536,627
