"model","Accuracy","Precision","Recall","FOne","AUC"
"XGBoostNoFeatureEngineering",0.769230769230769,0.995575221238938,0.569620253164557,0.72463768115942,0.977171288505158
