"model","Accuracy","Precision","Recall","FOne","AUC"
"XGBoostNoFeatureEngineeringPCA",0.862348178137652,0.996610169491525,0.744303797468354,0.852173913043478,0.953457232750421
