"model","Accuracy","Precision","Recall","FOne","AUC"
"XGBoostWithFeatureEngineering",0.711201079622132,0.720194647201947,0.749367088607595,0.734491315136477,0.797190312431404
