"model","Accuracy","Precision","Recall","FOne","AUC"
"XGBoostWithFeatureEngineeringPCA",0.577597840755736,0.841666666666667,0.255696202531646,0.392233009708738,0.736035706446184
