model,Accuracy,Precision,Recall,FOne,AUC,TP,FP,FN,TN
XGBoostNoFeatureEngineering,0.771409305461902,0.995260663507109,0.554821664464993,0.712468193384224,0.97556142668428,420,2,337,724
XGBoostNoFeatureEngineeringPCA,0.870532703978422,0.998236331569665,0.747688243064729,0.854984894259819,0.960204300723095,566,1,191,725
XGBoostWithFeatureEngineering,0.601483479433581,0.796428571428572,0.294583883751651,0.430086788813886,0.719899851159609,223,57,534,669
XGBoostWithFeatureEngineeringPCA,0.601483479433581,0.796428571428572,0.294583883751651,0.430086788813886,0.719899851159609,223,57,534,669
