model,Accuracy,Precision,Recall,FOne,AUC,TP,FP,FN,TN
XGBoost,0.96900269541779,0.964383561643836,0.972375690607735,0.968363136176066,0.99427886013376,352,13,10,367
LogReg,0.96900269541779,0.972144846796657,0.964088397790055,0.968099861303745,0.993501017737714,349,10,13,370
RandomForest,0.966307277628032,0.956639566395664,0.975138121546961,0.965800273597811,0.99508941552777,353,16,9,364
LinSVM,0.966307277628032,0.98005698005698,0.950276243093923,0.964936886395512,0.992752253562082,344,7,18,373
